<configuration>
<!-- AUTHOR: Morrison Idiasirue -->
  <!-- ID of the service. It should be unique accross the Windows system-->
  <id>NMRS-Biometric-Service</id>
  <!-- Display name of the service -->
  <name>NMRS Biometric Service</name>
  <!-- Service description -->
  <description>This is the NMRS FingerPrint Service to capture patient biometrics</description>
  
  <!-- Path to the executable, which should be started -->
  <executable>java</executable>
  <arguments>-jar %BASE%\nmrs-biometric.jar --spring.config.name=application</arguments>

</configuration>